{
  "git.confirmSync": false,
  "git.autofetch": true,
  "window.zoomLevel": -1,
  "editor.minimap.enabled": false,
  "breadcrumbs.enabled": false,
  "gitlens.settings.mode": "advanced",
  "editor.formatOnPaste": true,
  "editor.formatOnType": true,
  "html.format.wrapLineLength": 200,
  "gitlens.blame.format": "${message|40?} ${authorAgoOrDate|14-}",
  "files.exclude": {
    "**/node_modules": true
  },
  "editor.formatOnSave": true,
  "git.enableSmartCommit": true,
  "editor.tabSize": 2,
  "editor.tabCompletion": "on",
  "editor.wordWrapColumn": 120,
  "editor.detectIndentation": true,
  "standard.autoFixOnSave": true,
  "editor.defaultFormatter": "chenxsan.vscode-standardjs",
  "editor.colorDecorators": false,
  "javascript.updateImportsOnFileMove.enabled": "always",
  "markdown.preview.breaks": true,
  "editor.renderControlCharacters": false,
  "workbench.activityBar.visible": true,
  "window.menuBarVisibility": "toggle",
  "debug.inlineValues": true,
  "debug.toolBarLocation": "hidden"
}